公司,联系人,地址,简介,行业,类型,规模,当前链接,上级链接,下载时间
,,,"
                    因开分店急需招聘发型师中工学徒数名，我们学习平台广，有无经验均可                                                ",,,,http://www.ganji.com/gongsi/106849431/,http://sz.ganji.com/gongsi/o1,2018-04-17 16:48:06
,,,"
                    主营业务如下：1、 代办各类公司营业执照，个体执照 2、代办公司全套变更、增资、迁移、年检、注销、执照加急；3、代办理验资、审计报告、资产评估、一般纳税人资格认证； 4、免费提供工商咨询、创业咨询、企业管理咨询等；5、食品餐饮、二类医疗器械等许可证6、申请国家高新企业项目补贴                                                ",,,,http://www.ganji.com/gongsi/106849400/,http://sz.ganji.com/gongsi/o1,2018-04-17 16:48:06
,,,"
                    深圳如君意诚信通托管有限公司成立于2014年6月，公司成立以来一直致力于企业诚信通托管服务、企业商铺装修、阿里巴巴店铺代运营、企业产品网络推广和企业网站建设、网站托管，是目前国内电子商务托管领域的优秀领跑者。
    在企业电子商务托管，尤其是诚信通托管，旺铺美化方面积累了丰富的经验。多年以来本着""为客户所想,走成功之路""的经营理念，帮助众多的企业实现了电子商务的顺利运转，使...                                                                    [全部展开]
                                                ",,,,http://www.ganji.com/gongsi/106849375/,http://sz.ganji.com/gongsi/o1,2018-04-17 16:48:07
,,,"
                    主要培训钢管、爵士、DS领舞、TB秀、少儿舞蹈                                                ",,,,http://www.ganji.com/gongsi/106849363/,http://sz.ganji.com/gongsi/o1,2018-04-17 16:48:07
,,,"
                    深圳市海外国际旅行社有限公司创办于1985年，现有员工800多人；在深圳下设六十多个营业部，并在国内各大省会城市设立二十多个分社和办事处；是国家特许经营中国公民出境旅游的国际旅行社（经营许可证号：L-GD-CJ00052）。经营业务范围包括国内游、入境游、出境游及相关业务。 
    公司以东南亚、港澳、日韩、邮轮、欧洲、非洲中东、澳新、海岛游等出境批发业务为龙头，业务延伸至全国各地。                                                ",,,,http://www.ganji.com/gongsi/106849362/,http://sz.ganji.com/gongsi/o1,2018-04-17 16:48:07
,,,"
                    正心教育成立于2018年，是一家专业从事中小学课外家教服务的中介机构。本着“全心全意为孩子”的服务理念，“学有所获”的服务宗旨，默默地为莘莘学子尽着自己的点滴之力！我们用诚心让家长放心，用爱心让孩子用心，用责任心让您感到贴心。我们为孩子和老师搭建一座心的桥梁，助力孩子踏上成功之路！让孩子学习无忧。我们这里有各具特色的老师，他们热切希望成为您孩子的那位伯乐……                                                ",,,,http://www.ganji.com/gongsi/106849349/,http://sz.ganji.com/gongsi/o1,2018-04-17 16:48:07
,,,,,,,http://www.ganji.com/gongsi/106849346/,http://sz.ganji.com/gongsi/o1,2018-04-17 16:48:08
